,predicted_demand_raw,predicted_demand_quantile,surge_multiplier_unlimited,surge_multiplier
2025-10-01 00:00:00,71.61394179591663,0,0.7943993759295169,1.0
2025-10-01 01:00:00,94.96922507214508,1,0.9882494204307516,1.0
2025-10-01 02:00:00,83.54168199553773,1,0.8934002290191096,1.0
2025-10-01 03:00:00,84.87753364064693,1,0.9044878659271594,1.0
2025-10-01 04:00:00,81.75312556527152,0,0.8785551192638807,1.0
2025-10-01 05:00:00,99.85961949456296,1,1.0288399440053124,1.0288399440053124
2025-10-01 06:00:00,96.73222992151409,1,1.0028824507590082,1.0028824507590082
2025-10-01 07:00:00,98.6933825222706,1,1.0191601175478888,1.0191601175478888
2025-10-01 08:00:00,50.182486618112314,0,0.616517202940756,1.0
2025-10-01 09:00:00,116.10785050231108,2,1.1637010915523505,1.1637010915523505
2025-10-01 10:00:00,76.8223012814951,0,0.8376290257743317,1.0
2025-10-01 11:00:00,112.55943284028639,2,1.1342490436556516,1.1342490436556516
2025-10-01 12:00:00,116.29750834207302,2,1.165275261312701,1.165275261312701
2025-10-01 13:00:00,68.79387517365576,0,0.7709926788770289,1.0
2025-10-01 14:00:00,94.75005633564622,1,0.9864303087196629,1.0
2025-10-01 15:00:00,110.12058872087482,2,1.1140065128548924,1.1140065128548924
2025-10-01 16:00:00,106.75366098736826,1,1.0860608406378913,1.0860608406378913
2025-10-01 17:00:00,47.8820343730865,0,0.5974233317683557,1.0
2025-10-01 18:00:00,147.03514375081627,2,1.4203992057057155,1.4203992057057155
2025-10-01 19:00:00,76.7869848612968,0,0.8373358976822382,1.0
2025-10-01 20:00:00,71.824382763222,0,0.7961460467103655,1.0
2025-10-01 21:00:00,85.87651341068418,1,0.9127794490600712,1.0
2025-10-01 22:00:00,99.25465257999491,1,1.0238186877043813,1.0238186877043813
2025-10-01 23:00:00,73.99292206977547,0,0.8141450337535212,1.0
2025-10-02 00:00:00,80.71553951393993,0,0.869943102023687,1.0
2025-10-02 01:00:00,106.17648915272237,1,1.0812702849204685,1.0812702849204685
2025-10-02 02:00:00,116.43974332493063,2,1.166455818937735,1.166455818937735
2025-10-02 03:00:00,65.46615225778783,0,0.7433724086495488,1.0
2025-10-02 04:00:00,100.33827104970436,1,1.0328127763690793,1.0328127763690793
2025-10-02 05:00:00,78.56972880186935,0,0.8521327634760278,1.0
2025-10-02 06:00:00,69.97606791903519,0,0.7808049390663152,1.0
2025-10-02 07:00:00,141.3230685803984,2,1.3729886899400205,1.3729886899400205
2025-10-02 08:00:00,111.04467993281354,2,1.1216765171292506,1.1216765171292506
2025-10-02 09:00:00,68.87728762797015,0,0.7716850065096919,1.0
2025-10-02 10:00:00,144.7111796465357,2,1.4011101849001921,1.4011101849001921
2025-10-02 11:00:00,106.02606333541758,1,1.0800217429510226,1.0800217429510226
2025-10-02 12:00:00,77.99546592739033,0,0.8473663522766197,1.0
2025-10-02 13:00:00,113.75795710917562,2,1.1441968563245075,1.1441968563245075
2025-10-02 14:00:00,83.82713140555872,1,0.895769473706959,1.0
2025-10-02 15:00:00,78.22500172005853,0,0.8492715110836057,1.0
2025-10-02 16:00:00,128.4625197182331,2,1.2662454772906369,1.2662454772906369
2025-10-02 17:00:00,104.68498905184751,1,1.0688907578769036,1.0688907578769036
2025-10-02 18:00:00,88.1722280085084,1,0.9318339975186342,1.0
2025-10-02 19:00:00,95.86836654169792,1,0.9957123405685318,1.0
2025-10-02 20:00:00,131.23049788223628,2,1.2892198374781922,1.2892198374781922
2025-10-02 21:00:00,76.46179043864622,0,0.8346367673588423,1.0
2025-10-02 22:00:00,111.85981148024975,2,1.1284421506210824,1.1284421506210824
2025-10-02 23:00:00,141.78849513000623,2,1.3768517540821439,1.3768517540821439
2025-10-03 00:00:00,92.22663464851094,1,0.9654857797854135,1.0
2025-10-03 01:00:00,128.51514236008228,2,1.266682247906672,1.266682247906672
2025-10-03 02:00:00,140.96694829122927,2,1.3700328733444027,1.3700328733444027
2025-10-03 03:00:00,119.85230031567913,2,1.1947802163212131,1.1947802163212131
2025-10-03 04:00:00,110.36363846622892,2,1.1160238381596495,1.1160238381596495
2025-10-03 05:00:00,56.773473459842215,0,0.6712227304852165,1.0
2025-10-03 06:00:00,87.10032009935136,1,0.9229371071048574,1.0
2025-10-03 07:00:00,88.32981469174517,1,0.9331419750411908,1.0
2025-10-03 08:00:00,79.1173360956356,0,0.856677931993587,1.0
2025-10-03 09:00:00,142.5250438660645,2,1.3829651462244499,1.3829651462244499
2025-10-03 10:00:00,98.08713955590203,1,1.0141282699518153,1.0141282699518153
2025-10-03 11:00:00,111.6892491401069,2,1.1270264744832306,1.1270264744832306
2025-10-03 12:00:00,105.4786238300793,1,1.0754779670859886,1.0754779670859886
2025-10-03 13:00:00,71.01518054941207,0,0.7894296269905835,1.0
2025-10-03 14:00:00,95.25489829144864,1,0.9906205227470816,1.0
2025-10-03 15:00:00,104.53695773078455,1,1.0676620903486087,1.0676620903486087
2025-10-03 16:00:00,64.82116695484116,0,0.7380189976803866,1.0
2025-10-03 17:00:00,110.49409785622282,2,1.1171066577622557,1.1171066577622557
2025-10-03 18:00:00,103.58919034980518,1,1.0597955726615094,1.0597955726615094
2025-10-03 19:00:00,117.17452457068175,2,1.172554540820184,1.172554540820184
2025-10-03 20:00:00,113.60762326801684,2,1.142949077761773,1.142949077761773
2025-10-03 21:00:00,110.32873852354214,2,1.115734166852181,1.115734166852181
2025-10-03 22:00:00,151.43186931903927,2,1.4568922525670756,1.4568922525670756
2025-10-03 23:00:00,104.06928783904651,1,1.0637804063521838,1.0637804063521838
2025-10-04 00:00:00,92.49596533456634,1,0.9677212382407827,1.0
2025-10-04 01:00:00,78.61075424238263,0,0.8524732767284309,1.0
2025-10-04 02:00:00,92.8409626814299,1,0.9705847338469517,1.0
2025-10-04 03:00:00,103.63450690120912,1,1.0601717023535537,1.0601717023535537
2025-10-04 04:00:00,90.7170364769042,1,0.9529560378300762,1.0
2025-10-04 05:00:00,116.05647299957414,2,1.1632746556545657,1.1632746556545657
2025-10-04 06:00:00,127.00304942937223,2,1.2541317993233108,1.2541317993233108
2025-10-04 07:00:00,110.46304621965467,2,1.1168489275921962,1.1168489275921962
2025-10-04 08:00:00,97.08151504145854,1,1.0057815351008268,1.0057815351008268
2025-10-04 09:00:00,97.90719007970644,1,1.0126346801051018,1.0126346801051018
2025-10-04 10:00:00,123.90363542865099,2,1.228406504756702,1.228406504756702
2025-10-04 11:00:00,119.06477089676379,2,1.1882436819064004,1.1882436819064004
2025-10-04 12:00:00,89.31644955065697,1,0.9413310947810138,1.0
2025-10-04 13:00:00,81.27408345502816,0,0.8745790452728126,1.0
2025-10-04 14:00:00,112.26437862720458,2,1.1318000786116522,1.1318000786116522
2025-10-04 15:00:00,92.99107279296958,1,0.9718306554424164,1.0
2025-10-04 16:00:00,140.7302875502034,2,1.368068577102008,1.368068577102008
2025-10-04 17:00:00,89.30819112649183,1,0.9412625494384895,1.0
2025-10-04 18:00:00,81.08564941680953,0,0.8730150331278002,1.0
2025-10-04 19:00:00,82.71594026280833,0,0.8865465304472305,1.0
2025-10-04 20:00:00,115.01303298128052,2,1.154614050189486,1.154614050189486
2025-10-04 21:00:00,89.77233057181876,1,0.9451149305493185,1.0
2025-10-04 22:00:00,82.80301082075756,0,0.8872692205269688,1.0
2025-10-04 23:00:00,143.5616980342368,2,1.3915694287868081,1.3915694287868081
2025-10-05 00:00:00,71.05511701753383,0,0.7897611017164973,1.0
2025-10-05 01:00:00,78.8770315101929,0,0.854683391656355,1.0
2025-10-05 02:00:00,79.02431052898471,0,0.8559058150373615,1.0
2025-10-05 03:00:00,57.763716000802646,0,0.6794417941703731,1.0
2025-10-05 04:00:00,85.77939271853617,1,0.9119733423529843,1.0
2025-10-05 05:00:00,86.94654674064701,1,0.9216607803707568,1.0
2025-10-05 06:00:00,110.41969836735994,2,1.1164891382033464,1.1164891382033464
2025-10-05 07:00:00,104.71812423597454,1,1.0691657815981581,1.0691657815981581
2025-10-05 08:00:00,76.5190300556908,0,0.8351118591048978,1.0
2025-10-05 09:00:00,90.43332122203684,1,0.9506011867186064,1.0
2025-10-05 10:00:00,108.34984153722377,2,1.09930922075651,1.09930922075651
2025-10-05 11:00:00,114.97402989885374,2,1.1542903226125307,1.1542903226125307
2025-10-05 12:00:00,82.69241002472775,0,0.8863512282689141,1.0
2025-10-05 13:00:00,124.69765868566229,2,1.2349969383595059,1.2349969383595059
2025-10-05 14:00:00,88.19712705719554,1,0.9320406608949228,1.0
2025-10-05 15:00:00,74.51582355114816,0,0.8184851427659016,1.0
2025-10-05 16:00:00,151.9609757775448,2,1.461283863206694,1.461283863206694
2025-10-05 17:00:00,103.62099905956883,1,1.060059586577773,1.060059586577773
2025-10-05 18:00:00,120.90911439933912,2,1.2035518272121646,1.2035518272121646
2025-10-05 19:00:00,111.86727242878732,2,1.128504076875152,1.128504076875152
2025-10-05 20:00:00,78.25268483884196,0,0.8495012823839418,1.0
2025-10-05 21:00:00,118.03249965221049,2,1.1796757778340197,1.1796757778340197
2025-10-05 22:00:00,104.23089593608704,1,1.0651217618147806,1.0651217618147806
2025-10-05 23:00:00,67.19752700677878,0,0.7577429075285678,1.0
2025-10-06 00:00:00,124.81097094610483,2,1.2359374359107251,1.2359374359107251
2025-10-06 01:00:00,81.01598148011634,0,0.8724367856936519,1.0
2025-10-06 02:00:00,102.24076266932235,1,1.048603554017302,1.048603554017302
2025-10-06 03:00:00,103.37626647838763,1,1.0580282936496688,1.0580282936496688
2025-10-06 04:00:00,80.45606437523102,0,0.8677894451148503,1.0
2025-10-06 05:00:00,114.16441282925153,2,1.1475704595684764,1.1475704595684764
2025-10-06 06:00:00,106.78773050647612,1,1.0863436193872253,1.0863436193872253
2025-10-06 07:00:00,85.11052573410797,1,0.9064217122073212,1.0
2025-10-06 08:00:00,47.431347440961,0,0.5936826072044377,1.0
2025-10-06 09:00:00,90.85956567539726,1,0.954139037459917,1.0
2025-10-06 10:00:00,77.57890719886626,0,0.8439088935463308,1.0
2025-10-06 11:00:00,98.80108628083964,1,1.0200540642469986,1.0200540642469986
2025-10-06 12:00:00,71.91433267381964,0,0.7968926355642023,1.0
2025-10-06 13:00:00,84.43372617275699,1,0.9008042412678939,1.0
2025-10-06 14:00:00,65.38665714428015,0,0.7427125951457332,1.0
2025-10-06 15:00:00,69.6559625256831,0,0.7781480479461143,1.0
2025-10-06 16:00:00,125.99375538091189,2,1.2457546071524923,1.2457546071524923
2025-10-06 17:00:00,58.15896028952696,0,0.6827223419612899,1.0
2025-10-06 18:00:00,85.05121468880738,1,0.9059294275009037,1.0
2025-10-06 19:00:00,75.80093739376363,0,0.8291516533208697,1.0
2025-10-06 20:00:00,139.70965720340476,2,1.359597293075768,1.359597293075768
2025-10-06 21:00:00,103.18707677023401,1,1.056458009405586,1.056458009405586
2025-10-06 22:00:00,130.2756024436598,2,1.2812941565488378,1.2812941565488378
2025-10-06 23:00:00,77.68632934519381,0,0.8448005028494476,1.0
2025-10-07 00:00:00,113.7395510490924,2,1.1440440850853826,1.1440440850853826
2025-10-07 01:00:00,103.55716148036875,1,1.0595297314087124,1.0595297314087124
2025-10-07 02:00:00,78.49019666095704,0,0.851472642642862,1.0
2025-10-07 03:00:00,83.99381472765566,1,0.8971529537968362,1.0
2025-10-07 04:00:00,119.50613364082325,2,1.1919070152329627,1.1919070152329627
2025-10-07 05:00:00,105.37493745067026,1,1.0746173648391697,1.0746173648391697
2025-10-07 06:00:00,75.60807985922133,0,0.8275509259303578,1.0
2025-10-07 07:00:00,73.09933896257898,0,0.8067282483072962,1.0
2025-10-07 08:00:00,85.70769036151341,1,0.9113782091261546,1.0
2025-10-07 09:00:00,69.00833458393569,0,0.7727727029398836,1.0
2025-10-07 10:00:00,90.80489483765703,1,0.9536852667133361,1.0
2025-10-07 11:00:00,97.78141920598752,1,1.0115907754271318,1.0115907754271318
2025-10-07 12:00:00,128.0048160948679,2,1.2624465138309202,1.2624465138309202
2025-10-07 13:00:00,78.73876135275164,0,0.8535357422848544,1.0
2025-10-07 14:00:00,43.88186453027914,0,0.5642217176894565,1.0
2025-10-07 15:00:00,108.82477889707543,2,1.1032512251096003,1.1032512251096003
2025-10-07 16:00:00,69.82516422164161,0,0.7795524306677157,1.0
2025-10-07 17:00:00,83.25301492386353,1,0.8910042775751364,1.0
2025-10-07 18:00:00,93.92361532770998,1,0.9795708061278383,1.0
2025-10-07 19:00:00,133.84883567659972,2,1.3109521749520532,1.3109521749520532
2025-10-07 20:00:00,66.20195803345139,0,0.749479634182618,1.0
2025-10-07 21:00:00,80.25940103134785,0,0.8661571293123562,1.0
2025-10-07 22:00:00,121.40491553639535,2,1.2076670019820608,1.2076670019820608
2025-10-07 23:00:00,102.23042300746725,1,1.0485177342956127,1.0485177342956127
2025-10-08 00:00:00,91.33012458290641,1,0.9580447004348527,1.0
2025-10-08 01:00:00,65.97750378363745,0,0.7476166524409575,1.0
2025-10-08 02:00:00,108.23520561248871,2,1.0983577367240323,1.0983577367240323
2025-10-08 03:00:00,75.10833227873438,0,0.8234029954783482,1.0
2025-10-08 04:00:00,75.39724231879407,0,0.8258009635723352,1.0
2025-10-08 05:00:00,84.44314459677656,1,0.9008824146684788,1.0
2025-10-08 06:00:00,87.29317194828302,1,0.9245377873045104,1.0
2025-10-08 07:00:00,72.73623605853003,0,0.8037144756514082,1.0
2025-10-08 08:00:00,104.38351417996827,1,1.0663885010368304,1.0663885010368304
2025-10-08 09:00:00,124.31629462807507,2,1.2318315971962197,1.2318315971962197
2025-10-08 10:00:00,109.69714941618635,2,1.1104919449908845,1.1104919449908845
2025-10-08 11:00:00,81.66104413911563,0,0.8777908387220034,1.0
2025-10-08 12:00:00,67.07763621897443,0,0.7567478078641241,1.0
2025-10-08 13:00:00,88.75037319241197,1,0.9366326320846278,1.0
2025-10-08 14:00:00,130.26617809289658,2,1.2812159339559779,1.2812159339559779
2025-10-08 15:00:00,53.88717868312905,0,0.6472663363669311,1.0
2025-10-08 16:00:00,109.61016628887495,2,1.1097699805899075,1.1097699805899075
2025-10-08 17:00:00,75.22786442666502,0,0.8243951184135159,1.0
2025-10-08 18:00:00,82.28246613611229,0,0.8829486730478434,1.0
2025-10-08 19:00:00,72.67728434706687,0,0.8032251734342011,1.0
2025-10-08 20:00:00,109.99385478585364,2,1.112954614718907,1.112954614718907
2025-10-08 21:00:00,75.93029721831415,0,0.830225346474115,1.0
2025-10-08 22:00:00,110.16980872061633,2,1.1144150413675804,1.1144150413675804
2025-10-08 23:00:00,86.17496719553321,1,0.9152566307234353,1.0
2025-10-09 00:00:00,112.83973024413189,2,1.136575526429009,1.136575526429009
2025-10-09 01:00:00,110.17738410448713,2,1.1144779174407626,1.1144779174407626
2025-10-09 02:00:00,110.65511142303733,2,1.1184430785936,1.1184430785936
2025-10-09 03:00:00,97.87846990086025,1,1.0123963011532575,1.0123963011532575
2025-10-09 04:00:00,121.12972649584711,2,1.2053829188850758,1.2053829188850758
2025-10-09 05:00:00,91.1054319445612,1,0.9561797400562024,1.0
2025-10-09 06:00:00,76.11213952272841,0,0.831734646891755,1.0
2025-10-09 07:00:00,145.3186330205526,2,1.406152078941591,1.406152078941591
2025-10-09 08:00:00,77.25787908819223,0,0.8412443438252126,1.0
2025-10-09 09:00:00,75.84567721275431,0,0.8295229961044166,1.0
2025-10-09 10:00:00,83.17175855787742,1,0.8903298455857609,1.0
2025-10-09 11:00:00,71.97202384472976,0,0.7973714752304134,1.0
2025-10-09 12:00:00,139.17583340105688,2,1.3551665282412313,1.3551665282412313
2025-10-09 13:00:00,96.72113489920736,1,1.0027903615069762,1.0027903615069762
2025-10-09 14:00:00,77.84033203703919,0,0.8460787330603362,1.0
2025-10-09 15:00:00,142.65784710283214,2,1.384067419875034,1.384067419875034
2025-10-09 16:00:00,125.64970809159742,2,1.2428989970725228,1.2428989970725228
2025-10-09 17:00:00,74.61594378508468,0,0.8193161458230909,1.0
2025-10-09 18:00:00,76.30764883015762,0,0.8333573841327171,1.0
2025-10-09 19:00:00,65.05151599505056,0,0.7399309064835162,1.0
2025-10-09 20:00:00,87.93997337922609,1,0.9299062722288357,1.0
2025-10-09 21:00:00,106.842969736694,1,1.0868021078204122,1.0868021078204122
2025-10-09 22:00:00,112.67647972098878,2,1.135220538745843,1.135220538745843
2025-10-09 23:00:00,43.89598156987832,0,0.5643388898394219,1.0
2025-10-10 00:00:00,82.3582388823757,0,0.883577590713342,1.0
2025-10-10 01:00:00,86.79350046316566,1,0.9203904884479563,1.0
2025-10-10 02:00:00,95.83167466243225,1,0.9954077960959017,1.0
2025-10-10 03:00:00,92.66800573415927,1,0.9691491823475897,1.0
2025-10-10 04:00:00,89.52862820900549,1,0.9430921884863057,1.0
2025-10-10 05:00:00,73.67664612463392,0,0.8115199272491285,1.0
2025-10-10 06:00:00,72.58070673664021,0,0.8024235743331495,1.0
2025-10-10 07:00:00,88.62176154959285,1,0.9355651488779805,1.0
2025-10-10 08:00:00,112.77720366164377,2,1.1360565525996413,1.1360565525996413
2025-10-10 09:00:00,110.71102618289035,2,1.1189071739572736,1.1189071739572736
2025-10-10 10:00:00,78.15329541277205,0,0.8486763450693852,1.0
2025-10-10 11:00:00,71.2441854664683,0,0.7913303795028657,1.0
2025-10-10 12:00:00,55.74291890172668,0,0.6626690749979811,1.0
2025-10-10 13:00:00,104.32961341872848,1,1.0659411219645492,1.0659411219645492
2025-10-10 14:00:00,92.06024321146923,1,0.9641047223564082,1.0
2025-10-10 15:00:00,91.33473786151359,1,0.9580829908830019,1.0
2025-10-10 16:00:00,56.00571743496001,0,0.6648503162511752,1.0
2025-10-10 17:00:00,106.29647075513543,1,1.0822661383508045,1.0822661383508045
2025-10-10 18:00:00,87.43195977703459,1,0.9256897333743364,1.0
2025-10-10 19:00:00,62.442051477892655,0,0.7182722176638301,1.0
2025-10-10 20:00:00,74.95216983793637,0,0.8221068392408031,1.0
2025-10-10 21:00:00,83.7603241477383,1,0.8952149700536176,1.0
2025-10-10 22:00:00,93.25603047785654,1,0.9740298177646547,1.0
2025-10-10 23:00:00,73.69292173216485,0,0.8116550156232167,1.0
2025-10-11 00:00:00,86.77445448583212,1,0.9202324058629581,1.0
2025-10-11 01:00:00,147.31863812223057,2,1.422752223473239,1.422752223473239
2025-10-11 02:00:00,138.26512019109666,2,1.3476075620668266,1.3476075620668266
2025-10-11 03:00:00,90.92106820964618,1,0.9546495116365769,1.0
2025-10-11 04:00:00,67.47975924119093,0,0.7600854494944862,1.0
2025-10-11 05:00:00,123.57100917160774,2,1.2256456898281272,1.2256456898281272
2025-10-11 06:00:00,74.48817112693638,0,0.8182556262320784,1.0
2025-10-11 07:00:00,78.23709007731725,0,0.8493718450664922,1.0
2025-10-11 08:00:00,48.291915852952705,0,0.6008253689936189,1.0
2025-10-11 09:00:00,128.9749084695656,2,1.2704983301065491,1.2704983301065491
2025-10-11 10:00:00,89.37210765098278,1,0.9417930598574981,1.0
2025-10-11 11:00:00,81.61615674778227,0,0.8774182710804722,1.0
2025-10-11 12:00:00,73.8401233961679,0,0.8128767969555241,1.0
2025-10-11 13:00:00,96.48251555480262,1,1.0008098087564645,1.0008098087564645
2025-10-11 14:00:00,102.41204549125591,1,1.0500252101908287,1.0500252101908287
2025-10-11 15:00:00,159.57801869737165,2,1.5245057086243916,1.5245057086243916
2025-10-11 16:00:00,107.35955027783508,2,1.0910897527059098,1.0910897527059098
2025-10-11 17:00:00,74.28490020343928,0,0.8165684671811827,1.0
2025-10-11 18:00:00,121.9695945874749,2,1.21235386695758,1.21235386695758
2025-10-11 19:00:00,95.73708934275015,1,0.9946227331098235,1.0
2025-10-11 20:00:00,142.33855908326174,2,1.381417312998984,1.381417312998984
2025-10-11 21:00:00,85.3237991467035,1,0.9081918924287982,1.0
2025-10-11 22:00:00,109.07842522912698,2,1.1053565026253653,1.1053565026253653
2025-10-11 23:00:00,105.24027675162604,1,1.0734996741567853,1.0734996741567853
2025-10-12 00:00:00,76.88970483104652,0,0.8381884786795072,1.0
2025-10-12 01:00:00,123.83420401820614,2,1.2278302205025002,1.2278302205025002
2025-10-12 02:00:00,117.7005957738303,2,1.176920958685257,1.176920958685257
2025-10-12 03:00:00,105.43250218828156,1,1.0750951551025407,1.0750951551025407
2025-10-12 04:00:00,107.87986467937843,2,1.095408388823523,1.095408388823523
2025-10-12 05:00:00,147.8451622737055,2,1.427122400832564,1.427122400832564
2025-10-12 06:00:00,101.07201361453517,1,1.0389028771468196,1.0389028771468196
2025-10-12 07:00:00,95.48527169175468,1,0.9925326337402579,1.0
2025-10-12 08:00:00,90.58570212495562,1,0.9518659559985411,1.0
2025-10-12 09:00:00,77.35240259269659,0,0.8420288937421574,1.0
2025-10-12 10:00:00,123.320435778202,2,1.22356591786013,1.22356591786013
2025-10-12 11:00:00,84.61694650224557,1,0.9023249793640592,1.0
2025-10-12 12:00:00,91.80665313671715,1,0.961999911779103,1.0
2025-10-12 13:00:00,105.81366670795727,1,1.078258840090966,1.078258840090966
2025-10-12 14:00:00,106.84563841086197,1,1.0868242579523586,1.0868242579523586
2025-10-12 15:00:00,101.70928145158791,1,1.0441922327547482,1.0441922327547482
2025-10-12 16:00:00,103.37523597956,1,1.0580197404567475,1.0580197404567475
2025-10-12 17:00:00,145.11797786334196,2,1.4044866308845225,1.4044866308845225
2025-10-12 18:00:00,122.44618124794268,2,1.2163095605900527,1.2163095605900527
2025-10-12 19:00:00,101.2568798611229,1,1.040437276439004,1.040437276439004
2025-10-12 20:00:00,97.9078415975205,1,1.0126400877362471,1.0126400877362471
2025-10-12 21:00:00,96.82064125126416,1,1.0036162693131985,1.0036162693131985
2025-10-12 22:00:00,125.4957248648363,2,1.2416209284228281,1.2416209284228281
2025-10-12 23:00:00,106.46394793025044,1,1.0836562074612928,1.0836562074612928
2025-10-13 00:00:00,79.7436874670872,0,0.8618766803792632,1.0
2025-10-13 01:00:00,72.92976215831426,0,0.8053207521675876,1.0
2025-10-13 02:00:00,67.1050464612598,0,0.7569753142755842,1.0
2025-10-13 03:00:00,95.95120613603464,1,0.9963999134341104,1.0
2025-10-13 04:00:00,106.11423981146129,1,1.0807536122074506,1.0807536122074506
2025-10-13 05:00:00,83.49143705829027,1,0.8929831934727546,1.0
2025-10-13 06:00:00,144.759347129236,2,1.4015099774676611,1.4015099774676611
2025-10-13 07:00:00,119.83971890837363,2,1.1946757899977465,1.1946757899977465
2025-10-13 08:00:00,101.01956028855392,1,1.038467511861139,1.038467511861139
2025-10-13 09:00:00,79.70642366888102,0,0.8615673889502053,1.0
2025-10-13 10:00:00,114.76393319899516,2,1.1525465092690805,1.1525465092690805
2025-10-13 11:00:00,64.69689624224866,0,0.7369875444164145,1.0
2025-10-13 12:00:00,101.81221587777829,1,1.0450465937514322,1.0450465937514322
2025-10-13 13:00:00,95.58814435444762,1,0.9933864820967575,1.0
2025-10-13 14:00:00,85.58465316094254,1,0.9103569940749868,1.0
2025-10-13 15:00:00,109.10864914572191,2,1.1056073626773557,1.1056073626773557
2025-10-13 16:00:00,72.83871440178106,0,0.8045650511363925,1.0
2025-10-13 17:00:00,116.90785615270508,2,1.1703411793258933,1.1703411793258933
2025-10-13 18:00:00,105.93999555774307,1,1.0793073759988006,1.0793073759988006
2025-10-13 19:00:00,93.91487523179558,1,0.9794982628851846,1.0
2025-10-13 20:00:00,84.17939823774375,1,0.8986933064127213,1.0
2025-10-13 21:00:00,136.27206913326347,2,1.3310651364543984,1.3310651364543984
2025-10-13 22:00:00,74.88933722191948,0,0.8215853253175102,1.0
2025-10-13 23:00:00,83.97771401491325,1,0.8970193170584287,1.0
2025-10-14 00:00:00,99.69000333304113,1,1.0274321211983588,1.0274321211983588
2025-10-14 01:00:00,105.04828365789396,1,1.0719061216691657,1.0719061216691657
2025-10-14 02:00:00,143.24075814921503,2,1.3889056113431115,1.3889056113431115
2025-10-14 03:00:00,123.97995321801477,2,1.2290399463077821,1.2290399463077821
2025-10-14 04:00:00,110.19792548093127,2,1.1146484119147846,1.1146484119147846
2025-10-14 05:00:00,118.67917503568937,2,1.1850432165579519,1.1850432165579519
2025-10-14 06:00:00,88.3098276795306,1,0.9329760818185988,1.0
2025-10-14 07:00:00,66.41960251985951,0,0.7512860945400741,1.0
2025-10-14 08:00:00,103.37779811877203,1,1.0580410063431165,1.0580410063431165
2025-10-14 09:00:00,141.7292096586699,2,1.3763596816409365,1.3763596816409365
2025-10-14 10:00:00,69.20619563033488,0,0.7744149597344557,1.0
2025-10-14 11:00:00,97.6088014423485,1,1.0101580391692424,1.0101580391692424
2025-10-14 12:00:00,67.88231220699213,0,0.7634266596785687,1.0
2025-10-14 13:00:00,159.21265193367836,2,1.5214731458177866,1.5214731458177866
2025-10-14 14:00:00,80.73637437008311,0,0.8701160323942059,1.0
2025-10-14 15:00:00,71.22911897677142,0,0.7912053268685784,1.0
2025-10-14 16:00:00,75.06916525391526,0,0.82307790717116,1.0
2025-10-14 17:00:00,83.55771320325589,1,0.8935332888622646,1.0
2025-10-14 18:00:00,88.31206324742682,1,0.932994637146361,1.0
2025-10-14 19:00:00,125.84120351819205,2,1.2444884188974739,1.2444884188974739
2025-10-14 20:00:00,121.64669526191304,2,1.2096737860572855,1.2096737860572855
2025-10-14 21:00:00,84.61782779300898,1,0.902332294122424,1.0
2025-10-14 22:00:00,158.3217434713186,2,1.514078560060364,1.514078560060364
2025-10-14 23:00:00,134.7086808199076,2,1.3180889335742045,1.3180889335742045
2025-10-15 00:00:00,138.61587385963492,2,1.3505188354370072,1.3505188354370072
2025-10-15 01:00:00,104.65963899203003,1,1.0686803510851894,1.0686803510851894
2025-10-15 02:00:00,76.28870732516337,0,0.8332001686734728,1.0
2025-10-15 03:00:00,121.65193108233197,2,1.2097172436342802,1.2097172436342802
2025-10-15 04:00:00,82.35660363928038,0,0.8835640181121001,1.0
2025-10-15 05:00:00,104.06472026131078,1,1.0637424952236028,1.0637424952236028
2025-10-15 06:00:00,110.57111278234613,2,1.1177458855840592,1.1177458855840592
2025-10-15 07:00:00,105.42894224721445,1,1.075065607409793,1.075065607409793
2025-10-15 08:00:00,74.18909928358931,0,0.8157733146516016,1.0
2025-10-15 09:00:00,76.6031852056312,0,0.8358103511492038,1.0
2025-10-15 10:00:00,71.78078946753548,0,0.7957842201288232,1.0
2025-10-15 11:00:00,100.80471991779538,1,1.0366843258068474,1.0366843258068474
2025-10-15 12:00:00,117.56768065044044,2,1.1758177563699916,1.1758177563699916
2025-10-15 13:00:00,86.89107200181873,1,0.9212003372040708,1.0
2025-10-15 14:00:00,70.55439047608658,0,0.7856050458384984,1.0
2025-10-15 15:00:00,114.22925099033063,2,1.1481086196182564,1.1481086196182564
2025-10-15 16:00:00,76.68150077092938,0,0.8364603743426129,1.0
2025-10-15 17:00:00,77.67775887494089,0,0.8447293675084511,1.0
2025-10-15 18:00:00,47.43533776199715,0,0.5937157270729181,1.0
2025-10-15 19:00:00,115.65673325930389,2,1.1599567953861283,1.1599567953861283
2025-10-15 20:00:00,75.89559833783079,0,0.8299373439932078,1.0
2025-10-15 21:00:00,70.39176206003187,0,0.7842552216759519,1.0
2025-10-15 22:00:00,111.14513206416059,2,1.1225102749519054,1.1225102749519054
2025-10-15 23:00:00,71.74146537532452,0,0.7954578281542577,1.0
2025-10-16 00:00:00,84.94688027333942,1,0.9050634465216851,1.0
2025-10-16 01:00:00,122.52140161878754,2,1.2169338935113543,1.2169338935113543
2025-10-16 02:00:00,138.2545463026815,2,1.3475197982527214,1.3475197982527214
2025-10-16 03:00:00,52.40529932138876,0,0.6349666619497426,1.0
2025-10-16 04:00:00,112.42485833672919,2,1.1331320684002133,1.1331320684002133
2025-10-16 05:00:00,93.40270771249145,1,0.9752472463064115,1.0
2025-10-16 06:00:00,78.55529398673666,0,0.852012953772898,1.0
2025-10-16 07:00:00,83.17730718186351,1,0.8903758994483453,1.0
2025-10-16 08:00:00,125.21053397958352,2,1.2392538295037638,1.2392538295037638
2025-10-16 09:00:00,136.75144701099475,2,1.335043997332772,1.335043997332772
2025-10-16 10:00:00,80.43887809666825,0,0.8676467981246683,1.0
2025-10-16 11:00:00,100.66843416579654,1,1.0355531471019097,1.0355531471019097
2025-10-16 12:00:00,103.36681882033494,1,1.0579498776051155,1.0579498776051155
2025-10-16 13:00:00,141.51515463949144,2,1.374583014044886,1.374583014044886
2025-10-16 14:00:00,73.13245853815586,0,0.807003142476787,1.0
2025-10-16 15:00:00,91.51661222890769,1,0.9595925574250128,1.0
2025-10-16 16:00:00,128.87553917595926,2,1.2696735598924687,1.2696735598924687
2025-10-16 17:00:00,91.23232543138838,1,0.9572329624803295,1.0
2025-10-16 18:00:00,75.93934119696274,0,0.830300411958989,1.0
2025-10-16 19:00:00,116.20521451565934,2,1.1645092178378316,1.1645092178378316
2025-10-16 20:00:00,80.75335158890333,0,0.8702569441778432,1.0
2025-10-16 21:00:00,70.57135856401608,0,0.7857458818352762,1.0
2025-10-16 22:00:00,101.3493704165746,1,1.0412049527749405,1.0412049527749405
2025-10-16 23:00:00,108.07883216107219,2,1.0970598290875722,1.0970598290875722
2025-10-17 00:00:00,113.79319862469654,2,1.1444893627039516,1.1444893627039516
2025-10-17 01:00:00,75.37278481421363,0,0.8255979650346924,1.0
2025-10-17 02:00:00,110.41278802531733,2,1.1164317820113177,1.1164317820113177
2025-10-17 03:00:00,117.2194265576736,2,1.1729272296064264,1.1729272296064264
2025-10-17 04:00:00,152.40218515070032,2,1.4649459235469175,1.4649459235469175
2025-10-17 05:00:00,87.3403935490588,1,0.9249297290036772,1.0
2025-10-17 06:00:00,112.6859684756393,2,1.1352992958942583,1.1352992958942583
2025-10-17 07:00:00,114.79825194077567,2,1.1528313565793313,1.1528313565793313
2025-10-17 08:00:00,79.94363878225644,0,0.8635362865114264,1.0
2025-10-17 09:00:00,111.4206143952488,2,1.1247967923753572,1.1247967923753572
2025-10-17 10:00:00,100.29287336313861,1,1.0324359732510464,1.0324359732510464
2025-10-17 11:00:00,123.42365449622349,2,1.2244226384935377,1.2244226384935377
2025-10-17 12:00:00,140.52570905169662,2,1.3663705651117233,1.3663705651117233
2025-10-17 13:00:00,92.86564806441044,1,0.9707896237869583,1.0
2025-10-17 14:00:00,144.1483900632568,2,1.3964390026039584,1.3964390026039584
2025-10-17 15:00:00,51.235814383071116,0,0.6252598772083584,1.0
2025-10-17 16:00:00,110.1582179222953,2,1.1143188371492987,1.1143188371492987
2025-10-17 17:00:00,119.41973684057919,2,1.1911899173766023,1.1911899173766023
2025-10-17 18:00:00,74.08638775645854,0,0.8149208037285012,1.0
2025-10-17 19:00:00,74.72678587231029,0,0.8202361408103991,1.0
2025-10-17 20:00:00,97.96378308865617,1,1.0131044049709326,1.0131044049709326
2025-10-17 21:00:00,105.65674514804248,1,1.0769563831259654,1.0769563831259654
2025-10-17 22:00:00,75.5137860888987,0,0.8267682828188595,1.0
2025-10-17 23:00:00,92.93571235007495,1,0.9713711609378195,1.0
2025-10-18 00:00:00,124.56249471252886,2,1.233875070476467,1.233875070476467
2025-10-18 01:00:00,75.07700048399103,0,0.8231429399811201,1.0
2025-10-18 02:00:00,122.1376046550457,2,1.2137483591026788,1.2137483591026788
2025-10-18 03:00:00,72.3025088467725,0,0.8001145176330796,1.0
2025-10-18 04:00:00,79.44718112923447,0,0.8594156626254708,1.0
2025-10-18 05:00:00,72.11009895152677,0,0.7985175056716007,1.0
2025-10-18 06:00:00,96.89453351109485,1,1.0042295788452242,1.0042295788452242
2025-10-18 07:00:00,111.57876741661661,2,1.1261094705333379,1.1261094705333379
2025-10-18 08:00:00,121.33353910217065,2,1.2070745739311075,1.2070745739311075
2025-10-18 09:00:00,78.39869622695039,0,0.8507131843655084,1.0
2025-10-18 10:00:00,68.36851101124205,0,0.7674621345955535,1.0
2025-10-18 11:00:00,90.80870578264322,1,0.9537168977514368,1.0
2025-10-18 12:00:00,113.2044646174647,2,1.139602840363311,1.139602840363311
2025-10-18 13:00:00,146.96073832881928,2,1.41978163690149,1.41978163690149
2025-10-18 14:00:00,74.96389002778805,0,0.8222041174154003,1.0
2025-10-18 15:00:00,98.04528951687071,1,1.0137809124895807,1.0137809124895807
2025-10-18 16:00:00,74.08536062474947,0,0.8149122784828359,1.0
2025-10-18 17:00:00,67.02401187342807,0,0.7563027230562215,1.0
2025-10-18 18:00:00,135.6276250782481,2,1.3257162178707202,1.3257162178707202
2025-10-18 19:00:00,154.15754023506148,2,1.479515460434754,1.479515460434754
2025-10-18 20:00:00,108.44203940927903,2,1.100074467805302,1.100074467805302
2025-10-18 21:00:00,76.99270560179733,0,0.8390433903394325,1.0
2025-10-18 22:00:00,86.56273923109113,1,0.9184751584312857,1.0
2025-10-18 23:00:00,81.4806878653955,0,0.8762938724350514,1.0
2025-10-19 00:00:00,139.36746566700742,2,1.3567570858398281,1.3567570858398281
2025-10-19 01:00:00,76.6299842214376,0,0.8360327843496584,1.0
2025-10-19 02:00:00,117.06869097363433,2,1.1716761165572571,1.1716761165572571
2025-10-19 03:00:00,136.94556494135358,2,1.3366551860729592,1.3366551860729592
2025-10-19 04:00:00,103.24340272123119,1,1.0569255176767653,1.0569255176767653
2025-10-19 05:00:00,104.63025605290446,1,1.0684364711891632,1.0684364711891632
2025-10-19 06:00:00,75.20016441733529,0,0.8241652069207822,1.0
2025-10-19 07:00:00,118.72736542062535,2,1.1854431992151468,1.1854431992151468
2025-10-19 08:00:00,136.52314256455386,2,1.3331490587623869,1.3331490587623869
2025-10-19 09:00:00,82.80203383610969,0,0.8872611115044735,1.0
2025-10-19 10:00:00,92.81557262374221,1,0.9703739950708711,1.0
2025-10-19 11:00:00,48.08804547439897,0,0.5991332344351248,1.0
2025-10-19 12:00:00,105.11075634416578,1,1.0724246481571844,1.0724246481571844
2025-10-19 13:00:00,67.56935087724338,0,0.7608290646512924,1.0
2025-10-19 14:00:00,148.4560212069143,2,1.4321925611892583,1.4321925611892583
2025-10-19 15:00:00,66.35695653454898,0,0.7507661296611796,1.0
2025-10-19 16:00:00,63.101038531367266,0,0.723741843877776,1.0
2025-10-19 17:00:00,96.84065671567429,1,1.0037823986904673,1.0037823986904673
2025-10-19 18:00:00,74.13475297392188,0,0.8153222375046063,1.0
2025-10-19 19:00:00,75.42519195698372,0,0.8260329469973606,1.0
2025-10-19 20:00:00,100.5927252604543,1,1.0349247593193187,1.0349247593193187
2025-10-19 21:00:00,87.03601346636525,1,0.9224033587654069,1.0
2025-10-19 22:00:00,74.96592191378018,0,0.8222209821729516,1.0
2025-10-19 23:00:00,107.96082478831572,2,1.0960803618642565,1.0960803618642565
2025-10-20 00:00:00,93.02665681108262,1,0.9721260046108748,1.0
2025-10-20 01:00:00,111.7716698640765,2,1.1277105707033606,1.1277105707033606
2025-10-20 02:00:00,97.53595932335942,1,1.0095534458598576,1.0095534458598576
2025-10-20 03:00:00,92.63747825129917,1,0.968895802680088,1.0
2025-10-20 04:00:00,113.90653851430503,2,1.1454300895786598,1.1454300895786598
2025-10-20 05:00:00,73.94597573717283,0,0.813755376794256,1.0
2025-10-20 06:00:00,73.00321669615803,0,0.8059304285847573,1.0
2025-10-20 07:00:00,108.10874187895115,2,1.0973080812741665,1.0973080812741665
2025-10-20 08:00:00,106.50439689898248,1,1.0839919359684573,1.0839919359684573
2025-10-20 09:00:00,95.5052069717326,1,0.9926980975826426,1.0
2025-10-20 10:00:00,117.52949748784198,2,1.1755008341695041,1.1755008341695041
2025-10-20 11:00:00,83.37114148735562,1,0.8919847340876474,1.0
2025-10-20 12:00:00,105.42193264632847,1,1.0750074273642927,1.0750074273642927
2025-10-20 13:00:00,98.62778853003415,1,1.0186156840608847,1.0186156840608847
2025-10-20 14:00:00,80.46075730162438,0,0.8678283966436944,1.0
2025-10-20 15:00:00,104.65403567930036,1,1.0686338433032392,1.0686338433032392
2025-10-20 16:00:00,109.65695318781756,2,1.1101583142416485,1.1101583142416485
2025-10-20 17:00:00,95.87141314195313,1,0.9957376275063121,1.0
2025-10-20 18:00:00,135.05128183961676,2,1.3209325395425544,1.3209325395425544
2025-10-20 19:00:00,68.1774434398773,0,0.7658762639908712,1.0
2025-10-20 20:00:00,72.52626380144008,0,0.8019716951892958,1.0
2025-10-20 21:00:00,58.02387792144377,0,0.6816011514043374,1.0
2025-10-20 22:00:00,160.4930913024688,2,1.5321008580011706,1.5321008580011706
2025-10-20 23:00:00,66.35072665698702,0,0.7507144213591077,1.0
2025-10-21 00:00:00,53.410601211700246,0,0.6433107190039513,1.0
2025-10-21 01:00:00,119.37337133349993,2,1.1908050812988578,1.1908050812988578
2025-10-21 02:00:00,76.19900742818825,0,0.8324556549454769,1.0
2025-10-21 03:00:00,81.9979899345156,0,0.8805875060396406,1.0
2025-10-21 04:00:00,123.35143520137431,2,1.2238232146563364,1.2238232146563364
2025-10-21 05:00:00,68.38916886016025,0,0.7676335957970611,1.0
2025-10-21 06:00:00,74.526515729266,0,0.8185738883905829,1.0
2025-10-21 07:00:00,127.48554565955048,2,1.2581365426863222,1.2581365426863222
2025-10-21 08:00:00,65.2681686493175,0,0.7417291345835241,1.0
2025-10-21 09:00:00,82.26245237727217,0,0.8827825578268927,1.0
2025-10-21 10:00:00,106.52459168528344,1,1.0841595537265822,1.0841595537265822
2025-10-21 11:00:00,77.8797334194467,0,0.8464057665474821,1.0
2025-10-21 12:00:00,136.38313578474336,2,1.3319869953364911,1.3319869953364911
2025-10-21 13:00:00,103.00965281247342,1,1.0549853814909211,1.0549853814909211
2025-10-21 14:00:00,73.8133858439231,0,0.8126548739057711,1.0
2025-10-21 15:00:00,83.2763918976714,1,0.8911983076521586,1.0
2025-10-21 16:00:00,107.8867007657962,2,1.0954651286900718,1.0954651286900718
2025-10-21 17:00:00,92.26958295352003,1,0.9658422529113782,1.0
2025-10-21 18:00:00,124.49307969607085,2,1.2332989222931934,1.2332989222931934
2025-10-21 19:00:00,100.91892999633019,1,1.0376322752941052,1.0376322752941052
2025-10-21 20:00:00,122.82396889729334,2,1.2194452173822434,1.2194452173822434
2025-10-21 21:00:00,112.14239648206522,2,1.1307876205744727,1.1307876205744727
2025-10-21 22:00:00,87.9454906166877,1,0.9299520655816633,1.0
2025-10-21 23:00:00,131.88756688350088,2,1.2946735437607946,1.2946735437607946
2025-10-22 00:00:00,80.34315735114622,0,0.8668523110461055,1.0
2025-10-22 01:00:00,139.68603618233013,2,1.3594012373939623,1.3594012373939623
2025-10-22 02:00:00,94.13329916542605,1,0.9813111926944111,1.0
2025-10-22 03:00:00,103.695882020451,1,1.060681118979145,1.060681118979145
2025-10-22 04:00:00,63.68866315836044,0,0.7286191583057533,1.0
2025-10-22 05:00:00,87.88216618321107,1,0.9294264695483258,1.0
2025-10-22 06:00:00,77.75328851999815,0,0.8453562674215176,1.0
2025-10-22 07:00:00,103.72534149782953,1,1.0609256341465814,1.0609256341465814
2025-10-22 08:00:00,60.93200288563172,0,0.7057387371940491,1.0
2025-10-22 09:00:00,86.08574832241612,1,0.9145161095180385,1.0
2025-10-22 10:00:00,96.72609520741872,1,1.0028315323185713,1.0028315323185713
2025-10-22 11:00:00,89.90532586629722,1,0.9462187982887155,1.0
2025-10-22 12:00:00,109.26558061382057,2,1.1069099018807889,1.1069099018807889
2025-10-22 13:00:00,104.04905450787471,1,1.0636124686696615,1.0636124686696615
2025-10-22 14:00:00,110.20224688487538,2,1.1146842797883172,1.1146842797883172
2025-10-22 15:00:00,116.624202824743,2,1.1679868422109014,1.1679868422109014
2025-10-22 16:00:00,61.125774787015224,0,0.7073470538760616,1.0
2025-10-22 17:00:00,91.69712575110118,1,0.9610908288823279,1.0
2025-10-22 18:00:00,86.11689333324293,1,0.9147746146992157,1.0
2025-10-22 19:00:00,73.3976876999257,0,0.8092045580710239,1.0
2025-10-22 20:00:00,47.27073988871596,0,0.5923495563147648,1.0
2025-10-22 21:00:00,96.97189490569178,1,1.004871682373061,1.004871682373061
2025-10-22 22:00:00,118.3331968452464,2,1.182171579899959,1.182171579899959
2025-10-22 23:00:00,112.63894743214061,2,1.1349090188307387,1.1349090188307387
2025-10-23 00:00:00,90.67713895969301,1,0.9526248863987103,1.0
2025-10-23 01:00:00,94.37512588318826,1,0.9833183668076665,1.0
2025-10-23 02:00:00,125.02703091324076,2,1.237730744677263,1.237730744677263
2025-10-23 03:00:00,68.64915658962488,0,0.7697915072353605,1.0
2025-10-23 04:00:00,93.64624539804134,1,0.9772686215397243,1.0
2025-10-23 05:00:00,82.33374401266319,0,0.8833742820431938,1.0
2025-10-23 06:00:00,93.37444947021058,1,0.9750127014516612,1.0
2025-10-23 07:00:00,80.1632894643086,0,0.865359398395232,1.0
2025-10-23 08:00:00,75.12217779767622,0,0.8235179139929846,1.0
2025-10-23 09:00:00,74.71782636354826,0,0.8201617764298995,1.0
2025-10-23 10:00:00,75.52642114519968,0,0.8268731544317298,1.0
2025-10-23 11:00:00,85.60054988498366,1,0.9104889376967511,1.0
2025-10-23 12:00:00,83.05396344277771,1,0.8893521401118415,1.0
2025-10-23 13:00:00,67.7758046725889,0,0.7625426417011547,1.0
2025-10-23 14:00:00,93.26092129043404,1,0.9740704117589377,1.0
2025-10-23 15:00:00,87.65409796798123,1,0.9275334917090623,1.0
2025-10-23 16:00:00,54.482749214457684,0,0.6522096022068786,1.0
2025-10-23 17:00:00,136.5023036262018,2,1.3329760945093256,1.3329760945093256
2025-10-23 18:00:00,124.11824514867975,2,1.230187776398152,1.230187776398152
2025-10-23 19:00:00,101.67280543655856,1,1.043889479966309,1.043889479966309
2025-10-23 20:00:00,87.48216189801968,1,0.9261064135435263,1.0
2025-10-23 21:00:00,113.64433908331607,2,1.1432538209047045,1.1432538209047045
2025-10-23 22:00:00,106.49102611311747,1,1.0838809577626143,1.0838809577626143
2025-10-23 23:00:00,78.18460156542571,0,0.8489361877359587,1.0
2025-10-24 00:00:00,72.75685371466807,0,0.8038856032507868,1.0
2025-10-24 01:00:00,104.22715361768145,1,1.0650907003808052,1.0650907003808052
2025-10-24 02:00:00,109.73969872588373,2,1.1108451064353757,1.1108451064353757
2025-10-24 03:00:00,71.40011330319284,0,0.7926245885146141,1.0
2025-10-24 04:00:00,109.14413077301744,2,1.1059018619967973,1.1059018619967973
2025-10-24 05:00:00,72.41670779889199,0,0.8010623747705219,1.0
2025-10-24 06:00:00,71.13579862602127,0,0.7904307631892673,1.0
2025-10-24 07:00:00,81.37250002735887,0,0.8753959078516272,1.0
2025-10-24 08:00:00,140.31248130268216,2,1.3646007639003022,1.3646007639003022
2025-10-24 09:00:00,112.78200319337226,2,1.1360963889582139,1.1360963889582139
2025-10-24 10:00:00,94.12917395689651,1,0.9812769532528436,1.0
2025-10-24 11:00:00,67.24167591360398,0,0.7581093457109493,1.0
2025-10-24 12:00:00,82.31752472754414,0,0.8832396611480019,1.0
2025-10-24 13:00:00,71.10061767049743,0,0.7901387594608933,1.0
2025-10-24 14:00:00,89.43370978808066,1,0.9423043607428935,1.0
2025-10-24 15:00:00,110.28505643878918,2,1.1153716033168508,1.1153716033168508
2025-10-24 16:00:00,71.91285460374387,0,0.7968803675070533,1.0
2025-10-24 17:00:00,63.846319573501056,0,0.7299277146066747,1.0
2025-10-24 18:00:00,90.06381370680693,1,0.9475342554626809,1.0
2025-10-24 19:00:00,89.36165809791514,1,0.94170632803313,1.0
2025-10-24 20:00:00,109.62940201826325,2,1.1099296381266557,1.1099296381266557
2025-10-24 21:00:00,110.81366774301169,2,1.119759104150621,1.119759104150621
2025-10-24 22:00:00,79.59089841795353,0,0.8606085234648913,1.0
2025-10-24 23:00:00,75.6626211515474,0,0.8280036214433822,1.0
2025-10-25 00:00:00,123.77171701631838,2,1.2273115751941377,1.2273115751941377
2025-10-25 01:00:00,113.03885722977934,2,1.1382282905840233,1.1382282905840233
2025-10-25 02:00:00,113.16941028100976,2,1.1393118875796782,1.1393118875796782
2025-10-25 03:00:00,110.2237571647512,2,1.1148628162103271,1.1148628162103271
2025-10-25 04:00:00,87.48228532638934,1,0.9261074380053009,1.0
2025-10-25 05:00:00,79.35297154096381,0,0.858633718229305,1.0
2025-10-25 06:00:00,99.24297163292445,1,1.0237217352468735,1.0237217352468735
2025-10-25 07:00:00,66.56686184238013,0,0.7525083544410234,1.0
2025-10-25 08:00:00,109.83047213878346,2,1.111598530400396,1.111598530400396
2025-10-25 09:00:00,81.05905001524789,0,0.8727942567357758,1.0
2025-10-25 10:00:00,63.8428528505635,0,0.7298989406291653,1.0
2025-10-25 11:00:00,89.93766658148097,1,0.9464872278771483,1.0
2025-10-25 12:00:00,95.48287072805743,1,0.9925127056188967,1.0
2025-10-25 13:00:00,83.14266823738586,1,0.890088394439348,1.0
2025-10-25 14:00:00,79.68391810475573,0,0.8613805916180723,1.0
2025-10-25 15:00:00,72.5660240036616,0,0.8023017068992314,1.0
2025-10-25 16:00:00,72.0430251865702,0,0.7979607899954124,1.0
2025-10-25 17:00:00,89.6466889267877,1,0.9440720984760604,1.0
2025-10-25 18:00:00,61.36908062905499,0,0.7093665047963946,1.0
2025-10-25 19:00:00,122.73178512734756,2,1.2186800873816808,1.2186800873816808
2025-10-25 20:00:00,78.11990707904982,0,0.8483992201935562,1.0
2025-10-25 21:00:00,113.88114658851386,2,1.1452193352972249,1.1452193352972249
2025-10-25 22:00:00,113.72009910393201,2,1.143882632946679,1.143882632946679
2025-10-25 23:00:00,102.55537788120789,1,1.0512148763508167,1.0512148763508167
2025-10-26 00:00:00,117.07238943581976,2,1.1717068139823643,1.1717068139823643
2025-10-26 01:00:00,130.62094729680248,2,1.2841605364748787,1.2841605364748787
2025-10-26 02:00:00,110.82290527745086,2,1.119835776158446,1.119835776158446
2025-10-26 03:00:00,83.31354775508987,1,0.8915067031671632,1.0
2025-10-26 04:00:00,73.47170787749548,0,0.80981892932682,1.0
2025-10-26 05:00:00,65.21101963363894,0,0.7412547948334356,1.0
2025-10-26 06:00:00,63.99365572866882,0,0.731150612222521,1.0
2025-10-26 07:00:00,80.95999374369416,0,0.8719720846207255,1.0
2025-10-26 08:00:00,132.31648539858978,2,1.2982335893510792,1.2982335893510792
2025-10-26 09:00:00,116.49313366830285,2,1.1668989615156362,1.1668989615156362
2025-10-26 10:00:00,130.54191622516896,2,1.2835045745423281,1.2835045745423281
2025-10-26 11:00:00,99.83906382614772,1,1.0286693309072001,1.0286693309072001
2025-10-26 12:00:00,113.71444982478128,2,1.143835743641085,1.143835743641085
2025-10-26 13:00:00,108.00000415623296,2,1.0964055526197898,1.0964055526197898
2025-10-26 14:00:00,109.76305528503971,2,1.1110389670697443,1.1110389670697443
2025-10-26 15:00:00,70.08754442548359,0,0.7817301997655874,1.0
2025-10-26 16:00:00,67.18848302810751,0,0.7576678420435057,1.0
2025-10-26 17:00:00,131.80790679267068,2,1.2940123609367729,1.2940123609367729
2025-10-26 18:00:00,78.4614254740996,0,0.851233840321918,1.0
2025-10-26 19:00:00,99.50005253599818,1,1.0258555198776076,1.0258555198776076
2025-10-26 20:00:00,96.29827558874835,1,0.999280607624707,1.0
2025-10-26 21:00:00,98.34438658544451,1,1.0162634334407281,1.0162634334407281
2025-10-26 22:00:00,111.56956503864251,2,1.126033090325969,1.126033090325969
2025-10-26 23:00:00,89.69873011450174,1,0.9445040429930655,1.0
2025-10-27 00:00:00,96.98439112758598,1,1.0049754016532615,1.0049754016532615
2025-10-27 01:00:00,81.2387322313162,0,0.8742856283097775,1.0
2025-10-27 02:00:00,125.29050776513007,2,1.2399176160099592,1.2399176160099592
2025-10-27 03:00:00,89.46897934407951,1,0.942597099859737,1.0
2025-10-27 04:00:00,106.05034496684952,1,1.0802232817325468,1.0802232817325468
2025-10-27 05:00:00,89.35692809245509,1,0.9416670687461379,1.0
2025-10-27 06:00:00,115.13791046311258,2,1.1556505396691483,1.1556505396691483
2025-10-27 07:00:00,67.19882826438496,0,0.7577537080331851,1.0
2025-10-27 08:00:00,96.07077031046242,1,0.9973923021908406,1.0
2025-10-27 09:00:00,139.7643608094767,2,1.3600513358011763,1.3600513358011763
2025-10-27 10:00:00,79.5437938408116,0,0.8602175530678647,1.0
2025-10-27 11:00:00,82.88126812907919,1,0.887918760184496,1.0
2025-10-27 12:00:00,91.50127640428092,1,0.959465269297046,1.0
2025-10-27 13:00:00,114.55232458783202,2,1.1507901469845532,1.1507901469845532
2025-10-27 14:00:00,119.30824707804844,2,1.1902645466511692,1.1902645466511692
2025-10-27 15:00:00,65.22008201340924,0,0.7413300130485599,1.0
2025-10-27 16:00:00,73.04015651706683,0,0.8062370309856935,1.0
2025-10-27 17:00:00,93.92275659607546,1,0.9795636786113959,1.0
2025-10-27 18:00:00,68.34178663521733,0,0.7672403209091003,1.0
2025-10-27 19:00:00,76.097296555185,0,0.831611449502762,1.0
2025-10-27 20:00:00,83.1319609173424,1,0.8899995231359102,1.0
2025-10-27 21:00:00,88.46775122955279,1,0.9342868553526863,1.0
2025-10-27 22:00:00,63.174147050621,0,0.7243486483229689,1.0
2025-10-27 23:00:00,109.65200069431623,2,1.110117208292546,1.110117208292546
2025-10-28 00:00:00,79.26806797681394,0,0.8579290143088213,1.0
2025-10-28 01:00:00,67.14184573558202,0,0.7572807501326708,1.0
2025-10-28 02:00:00,114.84326467379307,2,1.153204964563244,1.153204964563244
2025-10-28 03:00:00,74.6224672676302,0,0.8193702910615278,1.0
2025-10-28 04:00:00,130.08185299528694,2,1.279686026227961,1.279686026227961
2025-10-28 05:00:00,138.74735320865793,2,1.3516101207516686,1.3516101207516686
2025-10-28 06:00:00,110.94193900490322,2,1.1208237621781778,1.1208237621781778
2025-10-28 07:00:00,85.7700561926553,1,0.9118958487111353,1.0
2025-10-28 08:00:00,41.176860174355255,0,0.541770043326526,1.0
2025-10-28 09:00:00,76.71009708171951,0,0.8366977251832632,1.0
2025-10-28 10:00:00,73.20684707784238,0,0.807620571156973,1.0
2025-10-28 11:00:00,93.02574020369785,1,0.9721183967227485,1.0
2025-10-28 12:00:00,110.95484865216065,2,1.1209309129100165,1.1209309129100165
2025-10-28 13:00:00,77.60195888781108,0,0.8441002237423696,1.0
2025-10-28 14:00:00,78.9697904646513,0,0.8554532957177606,1.0
2025-10-28 15:00:00,125.98862063065302,2,1.2457119884629901,1.2457119884629901
2025-10-28 16:00:00,96.83287331412012,1,1.0037177960598846,1.0037177960598846
2025-10-28 17:00:00,66.2723659097583,0,0.7500640231533665,1.0
2025-10-28 18:00:00,150.64046787176613,2,1.4503235801190568,1.4503235801190568
2025-10-28 19:00:00,112.28147908719559,2,1.1319420133033038,1.1319420133033038
2025-10-28 20:00:00,79.81874231130877,0,0.8624996394211342,1.0
2025-10-28 21:00:00,73.21211939422052,0,0.807664331652294,1.0
2025-10-28 22:00:00,65.06323235721344,0,0.7400281528881008,1.0
2025-10-28 23:00:00,116.3498344535371,2,1.1657095707113891,1.1657095707113891
2025-10-29 00:00:00,117.59188418735843,2,1.17601864696306,1.17601864696306
2025-10-29 01:00:00,120.46953102550599,2,1.1999032627493953,1.1999032627493953
2025-10-29 02:00:00,67.20366228660411,0,0.7577938306645924,1.0
2025-10-29 03:00:00,119.60667593123519,2,1.1927415213804624,1.1927415213804624
2025-10-29 04:00:00,116.64414632690129,2,1.1681523742978033,1.1681523742978033
2025-10-29 05:00:00,93.28590444887746,1,0.9742777732505009,1.0
2025-10-29 06:00:00,68.18830063977703,0,0.7659663793047737,1.0
2025-10-29 07:00:00,88.33825917091357,1,0.9332120646497485,1.0
2025-10-29 08:00:00,110.80109110852925,2,1.1196547174418294,1.1196547174418294
2025-10-29 09:00:00,73.71803244857873,0,0.811863435852452,1.0
2025-10-29 10:00:00,90.57733696625704,1,0.9517965247539356,1.0
2025-10-29 11:00:00,81.67678489473337,0,0.8779214877978845,1.0
2025-10-29 12:00:00,148.8705167519795,2,1.4356328953914228,1.4356328953914228
2025-10-29 13:00:00,85.18905117040269,1,0.9070734773407247,1.0
2025-10-29 14:00:00,115.34041848206141,2,1.1573313665733138,1.1573313665733138
2025-10-29 15:00:00,106.94828890393173,1,1.0876762622896343,1.0876762622896343
2025-10-29 16:00:00,100.49177896255986,1,1.034086899889072,1.034086899889072
2025-10-29 17:00:00,84.4575372160624,1,0.9010018741439239,1.0
2025-10-29 18:00:00,82.27284379792725,0,0.8828688071492664,1.0
2025-10-29 19:00:00,137.4886314246412,2,1.341162665631539,1.341162665631539
2025-10-29 20:00:00,74.90235620508398,0,0.8216933835429638,1.0
2025-10-29 21:00:00,119.38624266895376,2,1.190911914040769,1.190911914040769
2025-10-29 22:00:00,68.35647802373457,0,0.7673622601844312,1.0
2025-10-29 23:00:00,103.41633038525453,1,1.0583608261236785,1.0583608261236785
2025-10-30 00:00:00,108.76406514240935,2,1.1027472978437796,1.1027472978437796
2025-10-30 01:00:00,77.5699417629405,0,0.8438344799700694,1.0
2025-10-30 02:00:00,59.28364354267151,0,0.6920572704266521,1.0
2025-10-30 03:00:00,82.40878057156709,0,0.8839970893159939,1.0
2025-10-30 04:00:00,120.57167766006783,2,1.2007510850353114,1.2007510850353114
2025-10-30 05:00:00,103.47379388767105,1,1.0588377761297603,1.0588377761297603
2025-10-30 06:00:00,94.52671918626135,1,0.9845765989686404,1.0
2025-10-30 07:00:00,112.83902416140006,2,1.1365696659062585,1.1365696659062585
2025-10-30 08:00:00,85.85763161082195,1,0.9126227291564732,1.0
2025-10-30 09:00:00,83.47354665327482,1,0.8928347021970388,1.0
2025-10-30 10:00:00,75.85928359266732,0,0.8296359297528954,1.0
2025-10-30 11:00:00,139.6726748657713,2,1.3592903377838448,1.3592903377838448
2025-10-30 12:00:00,107.04675444848361,1,1.088493531340387,1.088493531340387
2025-10-30 13:00:00,73.5497236172049,0,0.8104664639525234,1.0
2025-10-30 14:00:00,65.38545566254642,0,0.7427026227859551,1.0
2025-10-30 15:00:00,108.7654822407651,2,1.102759059832537,1.102759059832537
2025-10-30 16:00:00,103.31643731595126,1,1.057531708544552,1.057531708544552
2025-10-30 17:00:00,65.87846627712977,0,0.7467946360767482,1.0
2025-10-30 18:00:00,124.21515795262157,2,1.2309921576225058,1.2309921576225058
2025-10-30 19:00:00,63.821178883287224,0,0.7297190455933683,1.0
2025-10-30 20:00:00,124.83857391858893,2,1.236166541992682,1.236166541992682
2025-10-30 21:00:00,88.44708916801177,1,0.934115359186194,1.0
2025-10-30 22:00:00,123.28042499049684,2,1.2232338262778768,1.2232338262778768
2025-10-30 23:00:00,87.23951073935595,1,0.9240923965286645,1.0
2025-10-31 00:00:00,66.53470979162778,0,0.7522414907770105,1.0
2025-10-31 01:00:00,76.8808044516675,0,0.8381146050759077,1.0
2025-10-31 02:00:00,102.54855483026026,1,1.0511582446793362,1.0511582446793362
2025-10-31 03:00:00,89.94429946914937,1,0.946542281183695,1.0
2025-10-31 04:00:00,147.1616503508865,2,1.4214492169499926,1.4214492169499926
2025-10-31 05:00:00,57.32213725234686,0,0.6757766679962848,1.0
2025-10-31 06:00:00,76.79094933822299,0,0.8373688030432854,1.0
2025-10-31 07:00:00,59.06466845326045,0,0.6902397659962862,1.0
2025-10-31 08:00:00,100.16298415887687,1,1.0313578862191501,1.0313578862191501
2025-10-31 09:00:00,80.28156884627793,0,0.8663411233089122,1.0
2025-10-31 10:00:00,80.01620330249655,0,0.8641385757370114,1.0
2025-10-31 11:00:00,81.18106069544385,0,0.873806951615383,1.0
2025-10-31 12:00:00,84.8675555959168,1,0.9044050476460838,1.0
2025-10-31 13:00:00,107.12897126193239,2,1.0891759350927754,1.0891759350927754
2025-10-31 14:00:00,138.30216486916757,2,1.347915034787566,1.347915034787566
2025-10-31 15:00:00,137.0370332852278,2,1.3374143780005743,1.3374143780005743
2025-10-31 16:00:00,159.77395850721143,2,1.5261320190573575,1.5261320190573575
2025-10-31 17:00:00,71.1017168301513,0,0.7901478825421806,1.0
2025-10-31 18:00:00,101.78032815018706,1,1.044781923983162,1.044781923983162
2025-10-31 19:00:00,110.94693954709126,2,1.1208652669338348,1.1208652669338348
2025-10-31 20:00:00,76.1909597936684,0,0.8323888591677785,1.0
2025-10-31 21:00:00,83.87984619543033,1,0.8962070091562886,1.0
2025-10-31 22:00:00,95.30183831342107,1,0.9910101273277935,1.0
2025-10-31 23:00:00,106.95738098148003,1,1.0877517269978334,1.0877517269978334
2025-11-01 00:00:00,106.74625291983615,1,1.085999353298869,1.085999353298869
2025-11-01 01:00:00,58.57916512213038,0,0.6862100635417305,1.0
2025-11-01 02:00:00,121.87129758462758,2,1.2115379968115867,1.2115379968115867
2025-11-01 03:00:00,110.72279793294587,2,1.119004880084197,1.119004880084197
2025-11-01 04:00:00,78.22715298821107,0,0.8492893667191881,1.0
2025-11-01 05:00:00,74.12295229979047,0,0.8152242913063751,1.0
2025-11-01 06:00:00,106.86586603863645,1,1.086992148296392,1.086992148296392
2025-11-01 07:00:00,107.55967553972097,2,1.0927508026047088,1.0927508026047088
2025-11-01 08:00:00,109.37965382041423,2,1.1078567153239418,1.1078567153239418
2025-11-01 09:00:00,127.2663407358999,2,1.2563171306200254,1.2563171306200254
2025-11-01 10:00:00,76.79759736122034,0,0.8374239819738357,1.0
2025-11-01 11:00:00,108.3534835328746,2,1.0993394495064952,1.0993394495064952
2025-11-01 12:00:00,107.40564413694653,2,1.091472334091642,1.091472334091642
2025-11-01 13:00:00,89.74733605300626,1,0.9449074747661117,1.0
2025-11-01 14:00:00,77.82129313527692,0,0.8459207092029408,1.0
2025-11-01 15:00:00,91.35510983595283,1,0.9582520793117277,1.0
2025-11-01 16:00:00,78.72775948333852,0,0.853444426206599,1.0
2025-11-01 17:00:00,76.29986341310112,0,0.8332927647733622,1.0
2025-11-01 18:00:00,88.2489347953872,1,0.932470667768964,1.0
2025-11-01 19:00:00,71.93549441896052,0,0.797068279130104,1.0
2025-11-01 20:00:00,103.27490083462837,1,1.0571869536273182,1.0571869536273182
2025-11-01 21:00:00,109.62555890671923,2,1.1098977401044814,1.1098977401044814
2025-11-01 22:00:00,88.7661823618766,1,0.9367638489989336,1.0
2025-11-01 23:00:00,145.6127337754434,2,1.4085931302338892,1.4085931302338892
2025-11-02 00:00:00,58.71739471923903,0,0.6873573762603982,1.0
2025-11-02 01:00:00,82.64613097608141,0,0.8859671098005802,1.0
2025-11-02 02:00:00,85.2627041414109,1,0.9076848007632978,1.0
2025-11-02 03:00:00,100.81346035631157,1,1.0367568718931133,1.0367568718931133
2025-11-02 04:00:00,83.05998428121147,1,0.8894021133784688,1.0
2025-11-02 05:00:00,66.14825141343856,0,0.7490338664924401,1.0
2025-11-02 06:00:00,121.87244519982418,2,1.2115475220763545,1.2115475220763545
2025-11-02 07:00:00,112.17509137397874,2,1.131058989847859,1.131058989847859
2025-11-02 08:00:00,101.13312473666213,1,1.0394101025828686,1.0394101025828686
2025-11-02 09:00:00,78.67347693894074,0,0.8529938783145997,1.0
2025-11-02 10:00:00,110.71220737990365,2,1.1189169779528356,1.1189169779528356
2025-11-02 11:00:00,124.34314990345294,2,1.2320544973539924,1.2320544973539924
2025-11-02 12:00:00,125.04194165862374,2,1.2378545046257872,1.2378545046257872
2025-11-02 13:00:00,108.3161143238408,2,1.0990292831621824,1.0990292831621824
2025-11-02 14:00:00,129.38442009149063,2,1.273897297492003,1.273897297492003
2025-11-02 15:00:00,98.8739423493307,1,1.0206587733379628,1.0206587733379628
2025-11-02 16:00:00,117.76572053649018,2,1.177461497542801,1.177461497542801
2025-11-02 17:00:00,54.405229200995315,0,0.6515661821343544,1.0
2025-11-02 18:00:00,80.13710269165435,0,0.8651420468442218,1.0
2025-11-02 19:00:00,101.27313956159999,1,1.0405722327837326,1.0405722327837326
2025-11-02 20:00:00,72.1452252688004,0,0.7988090558997065,1.0
2025-11-02 21:00:00,83.53786434975505,1,0.8933685423640557,1.0
2025-11-02 22:00:00,80.53877703986613,0,0.8684759644574203,1.0
2025-11-02 23:00:00,81.29294768936043,0,0.8747356193816146,1.0
2025-11-03 00:00:00,111.35071642978802,2,1.124216635690685,1.124216635690685
2025-11-03 01:00:00,66.9509128157398,0,0.7556959971425053,1.0
2025-11-03 02:00:00,61.30391133800286,0,0.7088255963509198,1.0
2025-11-03 03:00:00,118.58786464347067,2,1.184285335637148,1.184285335637148
2025-11-03 04:00:00,115.58271264176064,2,1.1593424204785296,1.1593424204785296
2025-11-03 05:00:00,116.66684823213079,2,1.1683408012711332,1.1683408012711332
2025-11-03 06:00:00,110.198154420071,2,1.1146503121213416,1.1146503121213416
2025-11-03 07:00:00,76.35715107557442,0,0.833768255298931,1.0
2025-11-03 08:00:00,118.88049379657774,2,1.1867141725594517,1.1867141725594517
2025-11-03 09:00:00,108.85134953977263,2,1.1034717628015802,1.1034717628015802
2025-11-03 10:00:00,109.90306870804984,2,1.1122010856345363,1.1122010856345363
2025-11-03 11:00:00,150.68090607563042,2,1.450659219277269,1.450659219277269
2025-11-03 12:00:00,106.95737885637621,1,1.0877517093593632,1.0877517093593632
2025-11-03 13:00:00,83.00463906535153,1,0.8889427452590377,1.0
2025-11-03 14:00:00,160.06830388178324,2,1.5285751007055066,1.5285751007055066
2025-11-03 15:00:00,106.52345240646531,1,1.0841500976541818,1.0841500976541818
2025-11-03 16:00:00,82.81821539003518,0,0.8873954192288311,1.0
2025-11-03 17:00:00,92.83746652291204,1,0.9705557155526215,1.0
2025-11-03 18:00:00,78.85677940930043,0,0.8545152981841921,1.0
2025-11-03 19:00:00,82.61463793771684,0,0.8857057159730575,1.0
2025-11-03 20:00:00,79.75477516710501,0,0.8619687088559229,1.0
2025-11-03 21:00:00,72.97618301520778,0,0.8057060476516186,1.0
2025-11-03 22:00:00,142.20969981429513,2,1.3803477744826602,1.3803477744826602
2025-11-03 23:00:00,103.14909001407702,1,1.0561427173885978,1.0561427173885978
2025-11-04 00:00:00,68.02787104520571,0,0.7646348054728854,1.0
2025-11-04 01:00:00,84.89323391864673,1,0.9046181790367435,1.0
2025-11-04 02:00:00,107.0007859369339,1,1.0881119903458216,1.0881119903458216
2025-11-04 03:00:00,78.73711223824161,0,0.8535220545501618,1.0
2025-11-04 04:00:00,142.38616764006375,2,1.3818124664529392,1.3818124664529392
2025-11-04 05:00:00,85.79032505154952,1,0.9120640812755688,1.0
2025-11-04 06:00:00,114.01208921325569,2,1.1463061657729292,1.1463061657729292
2025-11-04 07:00:00,67.40645688830219,0,0.759477036220219,1.0
2025-11-04 08:00:00,63.711655261938375,0,0.7288099939402025,1.0
2025-11-04 09:00:00,108.18219371977095,2,1.0979177353058993,1.0979177353058993
2025-11-04 10:00:00,107.43855427149389,2,1.0917454898898866,1.0917454898898866
2025-11-04 11:00:00,94.74791800027312,1,0.9864125604268106,1.0
2025-11-04 12:00:00,92.19648002179119,1,0.9652354948429273,1.0
2025-11-04 13:00:00,71.15131791717218,0,0.7905595740987583,1.0
2025-11-04 14:00:00,127.0093006653709,2,1.2541836849014987,1.2541836849014987
2025-11-04 15:00:00,81.92109574034026,0,0.8799492802991741,1.0
2025-11-04 16:00:00,95.94898130314098,1,0.996381447207418,1.0
2025-11-04 17:00:00,116.57742447888818,2,1.1675985795502264,1.1675985795502264
2025-11-04 18:00:00,113.73669138752425,2,1.1440203497482562,1.1440203497482562
2025-11-04 19:00:00,76.07192529423547,0,0.8314008667405686,1.0
2025-11-04 20:00:00,126.82890935278695,2,1.2526864277901868,1.2526864277901868
2025-11-04 21:00:00,111.83671952797177,2,1.1282504862373213,1.1282504862373213
2025-11-04 22:00:00,96.44487514034942,1,1.000497391393314,1.000497391393314
2025-11-04 23:00:00,145.62059449834067,2,1.4086583746355703,1.4086583746355703
2025-11-05 00:00:00,82.10874724194898,0,0.8815067973503415,1.0
2025-11-05 01:00:00,90.33848382525757,1,0.9498140314797422,1.0
2025-11-05 02:00:00,92.60626560845739,1,0.9686367361497309,1.0
2025-11-05 03:00:00,85.17368049749875,1,0.9069458999702771,1.0
2025-11-05 04:00:00,96.30774447930075,1,0.9993591999000929,1.0
2025-11-05 05:00:00,98.46475860501971,1,1.0172625273534577,1.0172625273534577
2025-11-05 06:00:00,103.037628665025,1,1.05521758249649,1.05521758249649
2025-11-05 07:00:00,103.90404633079481,1,1.0624088933908897,1.0624088933908897
2025-11-05 08:00:00,98.546204517082,1,1.0179385325849502,1.0179385325849502
2025-11-05 09:00:00,88.00915906612886,1,0.9304805169650835,1.0
2025-11-05 10:00:00,66.81503183675697,0,0.7545681780742818,1.0
2025-11-05 11:00:00,88.92142495195846,1,0.9380523704285361,1.0
2025-11-05 12:00:00,111.12562204514927,2,1.1223483407972716,1.1223483407972716
2025-11-05 13:00:00,142.25287934548655,2,1.3807061667977525,1.3807061667977525
2025-11-05 14:00:00,93.47569337825864,1,0.975853031061389,1.0
2025-11-05 15:00:00,108.89439620449512,2,1.1038290523181915,1.1038290523181915
2025-11-05 16:00:00,103.4620034343737,1,1.058739914764974,1.058739914764974
2025-11-05 17:00:00,95.41104956331873,1,0.9919165862819542,1.0
2025-11-05 18:00:00,82.82785496795204,0,0.887475428218063,1.0
2025-11-05 19:00:00,100.79044315033474,1,1.0365658279074708,1.0365658279074708
2025-11-05 20:00:00,83.11068271408126,1,0.8898229129616602,1.0
2025-11-05 21:00:00,89.14269326997166,1,0.9398889087734693,1.0
2025-11-05 22:00:00,87.78130927428658,1,0.9285893520510968,1.0
2025-11-05 23:00:00,103.6451707471131,1,1.0602602128194123,1.0602602128194123
2025-11-06 00:00:00,110.77827077695859,2,1.1194653075238172,1.1194653075238172
2025-11-06 01:00:00,67.04729702046512,0,0.756495990966354,1.0
2025-11-06 02:00:00,59.941312545308,0,0.6975159567512975,1.0
2025-11-06 03:00:00,63.91428445410503,0,0.730491826588267,1.0
2025-11-06 04:00:00,97.29729066038759,1,1.0075724837627191,1.0075724837627191
2025-11-06 05:00:00,112.45575911524787,2,1.1333885464407545,1.1333885464407545
2025-11-06 06:00:00,75.13108207025934,0,0.823591819910377,1.0
2025-11-06 07:00:00,71.21860229081065,0,0.7911180378377674,1.0
2025-11-06 08:00:00,67.73400309316382,0,0.7621956864561279,1.0
2025-11-06 09:00:00,108.24747117858311,2,1.0984595415493092,1.0984595415493092
2025-11-06 10:00:00,66.66745903048489,0,0.7533433162421784,1.0
2025-11-06 11:00:00,76.77503342968464,0,0.837236700189214,1.0
2025-11-06 12:00:00,81.46004187393561,0,0.8761225096510536,1.0
2025-11-06 13:00:00,92.90284398318295,1,0.9710983518132484,1.0
2025-11-06 14:00:00,114.42554318924208,2,1.149737854898522,1.149737854898522
2025-11-06 15:00:00,105.22460423360612,1,1.0733695914564525,1.0733695914564525
2025-11-06 16:00:00,74.77269301345996,0,0.8206171724275084,1.0
2025-11-06 17:00:00,108.47112564973364,2,1.1003158850871997,1.1003158850871997
2025-11-06 18:00:00,122.87737434012845,2,1.2198884852864582,1.2198884852864582
2025-11-06 19:00:00,108.82705335763875,2,1.1032701032484864,1.1032701032484864
2025-11-06 20:00:00,83.37953426924508,1,0.8920543946061485,1.0
2025-11-06 21:00:00,50.25787166127087,0,0.617142902650675,1.0
2025-11-06 22:00:00,106.06512038589297,1,1.0803459184655388,1.0803459184655388
2025-11-06 23:00:00,127.36254064084744,2,1.2571155947463017,1.2571155947463017
2025-11-07 00:00:00,94.7477388793001,1,0.9864110737135826,1.0
2025-11-07 01:00:00,87.88774686947127,1,0.9294727895294235,1.0
2025-11-07 02:00:00,76.6598060770588,0,0.8362803072750243,1.0
2025-11-07 03:00:00,94.3838297830652,1,0.9833906096213597,1.0
2025-11-07 04:00:00,103.66395109107962,1,1.0604160906338922,1.0604160906338922
2025-11-07 05:00:00,84.47997363145166,1,0.9011880975380149,1.0
2025-11-07 06:00:00,82.08931039421752,0,0.8813454705210695,1.0
2025-11-07 07:00:00,78.59428271221792,0,0.8523365621864719,1.0
2025-11-07 08:00:00,124.66500709954438,2,1.2347259285264358,1.2347259285264358
2025-11-07 09:00:00,83.130679174874,1,0.8899888846079336,1.0
2025-11-07 10:00:00,99.82676725321367,1,1.0285672687235698,1.0285672687235698
2025-11-07 11:00:00,104.79947073753453,1,1.0698409617174023,1.0698409617174023
2025-11-07 12:00:00,96.9447010328923,1,1.004645971839389,1.004645971839389
2025-11-07 13:00:00,138.29307284650247,2,1.3478395705349002,1.3478395705349002
2025-11-07 14:00:00,118.04326118269543,2,1.1797650990868913,1.1797650990868913
2025-11-07 15:00:00,123.1902999102972,2,1.2224857835073932,1.2224857835073932
2025-11-07 16:00:00,131.69279710206038,2,1.293056944623324,1.293056944623324
2025-11-07 17:00:00,115.92671062324858,2,1.1621976213010197,1.1621976213010197
2025-11-07 18:00:00,80.4302524938466,0,0.8675752051805343,1.0
2025-11-07 19:00:00,104.50084868037398,1,1.067362383385255,1.067362383385255
2025-11-07 20:00:00,117.41637075997782,2,1.1745618765481654,1.1745618765481654
2025-11-07 21:00:00,73.58132824946777,0,0.8107287840151037,1.0
2025-11-07 22:00:00,104.57774509689395,1,1.0680006275712954,1.0680006275712954
2025-11-07 23:00:00,92.31065237189759,1,0.9661831311823016,1.0
2025-11-08 00:00:00,143.70025746567237,2,1.3927194791472415,1.3927194791472415
2025-11-08 01:00:00,113.50970224742055,2,1.1421363282876735,1.1421363282876735
2025-11-08 02:00:00,85.66855223976339,1,0.9110533607159167,1.0
2025-11-08 03:00:00,82.45121187568023,0,0.8843492713081065,1.0
2025-11-08 04:00:00,84.5465403542093,1,0.9017406047380454,1.0
2025-11-08 05:00:00,71.18937241163539,0,0.7908754283471491,1.0
2025-11-08 06:00:00,81.90354566930168,0,0.8798036138128553,1.0
2025-11-08 07:00:00,63.91388288197722,0,0.7304884935190884,1.0
2025-11-08 08:00:00,86.5743670611514,1,0.9185716700148953,1.0
2025-11-08 09:00:00,107.09664760397033,1,1.088907647080154,1.088907647080154
2025-11-08 10:00:00,105.39383882202807,1,1.074774247187181,1.074774247187181
2025-11-08 11:00:00,109.84501015097904,2,1.1117191966444204,1.1117191966444204
2025-11-08 12:00:00,88.5351510174974,1,0.934846277036333,1.0
2025-11-08 13:00:00,120.56737647592597,2,1.2007153849871703,1.2007153849871703
2025-11-08 14:00:00,110.64184888205354,2,1.1183329988258017,1.1183329988258017
2025-11-08 15:00:00,70.53958377077456,0,0.7854821494278788,1.0
2025-11-08 16:00:00,156.6241157001674,2,1.499988162821674,1.499988162821674
2025-11-08 17:00:00,111.02109330582358,2,1.1214807469201054,1.1214807469201054
2025-11-08 18:00:00,109.26255908749512,2,1.1068848230579065,1.1068848230579065
2025-11-08 19:00:00,52.54538438862682,0,0.6361293751652872,1.0
2025-11-08 20:00:00,103.03281256184104,1,1.0551776085939903,1.0551776085939903
2025-11-08 21:00:00,80.17523156119074,0,0.86545851840952,1.0
2025-11-08 22:00:00,120.11063915831494,2,1.1969244419145855,1.1969244419145855
2025-11-08 23:00:00,92.8228340799922,1,0.9704342655287609,1.0
2025-11-09 00:00:00,112.20352408077294,2,1.1312949827669838,1.1312949827669838
2025-11-09 01:00:00,118.30060515668877,2,1.1819010672196997,1.1819010672196997
2025-11-09 02:00:00,89.88750940165816,1,0.9460709207219017,1.0
2025-11-09 03:00:00,52.44114957800227,0,0.635264220911358,1.0
2025-11-09 04:00:00,62.674756973592075,0,0.720203685167927,1.0
2025-11-09 05:00:00,112.65037296220474,2,1.135003851314044,1.135003851314044
2025-11-09 06:00:00,39.46722843649436,0,0.5275800125508181,1.0
2025-11-09 07:00:00,74.46054292172948,0,0.818026310717233,1.0
2025-11-09 08:00:00,92.78701179191181,1,0.9701369387073993,1.0
2025-11-09 09:00:00,118.32712710713096,2,1.1821212007634752,1.1821212007634752
2025-11-09 10:00:00,78.96297260570414,0,0.8553967071401494,1.0
2025-11-09 11:00:00,124.29185727369351,2,1.2316287659062573,1.2316287659062573
2025-11-09 12:00:00,84.00568160729871,1,0.8972514495041968,1.0
2025-11-09 13:00:00,73.23278371743929,0,0.8078358465908271,1.0
2025-11-09 14:00:00,78.0143195793678,0,0.8475228385513361,1.0
2025-11-09 15:00:00,107.58774822997444,2,1.092983807368151,1.092983807368151
2025-11-09 16:00:00,74.94827392672555,0,0.8220745029786967,1.0
2025-11-09 17:00:00,97.62471072358433,1,1.0102900870163645,1.0102900870163645
2025-11-09 18:00:00,115.7364206068422,2,1.16061820444222,1.16061820444222
2025-11-09 19:00:00,108.12897968818517,2,1.097476056124834,1.097476056124834
2025-11-09 20:00:00,96.14703384956842,1,0.9980252934620091,1.0
2025-11-09 21:00:00,89.21263569077841,1,0.9404694344397845,1.0
2025-11-09 22:00:00,86.80920085810541,1,0.9205208025281482,1.0
2025-11-09 23:00:00,91.81502938252886,1,0.962069435047314,1.0
2025-11-10 00:00:00,112.41768096348993,2,1.1330724958356087,1.1330724958356087
2025-11-10 01:00:00,90.66314762008719,1,0.9525087575651123,1.0
2025-11-10 02:00:00,108.03070449873093,2,1.096660367031118,1.096660367031118
2025-11-10 03:00:00,109.80616174959977,2,1.1113967529280626,1.1113967529280626
2025-11-10 04:00:00,89.53339823291988,1,0.9431317799285134,1.0
2025-11-10 05:00:00,73.51656640769026,0,0.8101912574194263,1.0
2025-11-10 06:00:00,129.03216381806013,2,1.270973552424443,1.270973552424443
2025-11-10 07:00:00,83.85826741891489,1,0.8960279042086703,1.0
2025-11-10 08:00:00,85.14715913589869,1,0.9067257713139213,1.0
2025-11-10 09:00:00,114.98557790875282,2,1.154386171684724,1.154386171684724
2025-11-10 10:00:00,80.69764925475,0,0.8697946119583305,1.0
2025-11-10 11:00:00,111.12275003865328,2,1.1223245029966133,1.1223245029966133
2025-11-10 12:00:00,111.79415484191546,2,1.1278971971682652,1.1278971971682652
2025-11-10 13:00:00,159.60097650786858,2,1.5246962596245162,1.5246962596245162
2025-11-10 14:00:00,145.22281796644822,2,1.4053568090969764,1.4053568090969764
2025-11-10 15:00:00,118.30685662311679,2,1.181952954710463,1.181952954710463
2025-11-10 16:00:00,76.49678887074971,0,0.8349272561335017,1.0
2025-11-10 17:00:00,90.49350287025884,1,0.9511006974737539,1.0
2025-11-10 18:00:00,87.28163147292143,1,0.9244420007693633,1.0
2025-11-10 19:00:00,104.67021549273656,1,1.0687681365814465,1.0687681365814465
2025-11-10 20:00:00,90.91788056264676,1,0.9546230540036129,1.0
2025-11-10 21:00:00,86.00317848497674,1,0.9138307756484907,1.0
2025-11-10 22:00:00,110.28129713744167,2,1.1153404009235897,1.1153404009235897
2025-11-10 23:00:00,46.71935114185239,0,0.5877730015432894,1.0
2025-11-11 00:00:00,101.40867201905291,1,1.0416971591054505,1.0416971591054505
2025-11-11 01:00:00,116.43638594715141,2,1.1664279525306265,1.1664279525306265
2025-11-11 02:00:00,117.53964850677878,2,1.1755850881453331,1.1755850881453331
2025-11-11 03:00:00,103.00693374258726,1,1.0549628130719386,1.0549628130719386
2025-11-11 04:00:00,72.64942649994583,0,0.8029939518797352,1.0
2025-11-11 05:00:00,113.73985825024288,2,1.1440466348706275,1.1440466348706275
2025-11-11 06:00:00,114.2128940454401,2,1.1479728561399276,1.1479728561399276
2025-11-11 07:00:00,129.79594394993893,2,1.277312966543413,1.277312966543413
2025-11-11 08:00:00,144.91714747228207,2,1.4028197283775516,1.4028197283775516
2025-11-11 09:00:00,159.72039014441188,2,1.5256873989091138,1.5256873989091138
2025-11-11 10:00:00,64.67388599812354,0,0.7367965582144969,1.0
2025-11-11 11:00:00,121.99909930763,2,1.2125987576423736,1.2125987576423736
2025-11-11 12:00:00,90.40727600498948,1,0.9503850100863661,1.0
2025-11-11 13:00:00,102.47535276810059,1,1.0505506638232445,1.0505506638232445
2025-11-11 14:00:00,100.72898031671623,1,1.0360556832480716,1.0360556832480716
2025-11-11 15:00:00,73.37902152329129,0,0.8090496278512336,1.0
